{"cameraMode":{"drawMode":0,"name":"Shaded","section":"Shading Mode"},"sceneLighting":false,"audioPlay":false,"sceneViewState":{"showFog":true,"showMaterialUpdate":false,"showSkybox":false,"showFlares":true,"showImageEffects":true,"showParticleSystems":true,"showVisualEffectGraphs":true,"m_FxEnabled":true},"in2DMode":false,"pivot":{"x":-0.008739318698644638,"y":-0.004945112392306328,"z":-0.018541019409894944},"rotation":{"x":-0.007627527229487896,"y":-0.483428418636322,"z":0.004811675287783146,"w":-0.8752126097679138},"size":0.09287676215171814,"orthographic":false}