{"cameraMode":{"drawMode":0,"name":"Shaded","section":"Shading Mode"},"sceneLighting":false,"audioPlay":false,"sceneViewState":{"showFog":true,"showMaterialUpdate":false,"showSkybox":false,"showFlares":true,"showImageEffects":true,"showParticleSystems":true,"showVisualEffectGraphs":true,"m_FxEnabled":true},"in2DMode":false,"pivot":{"x":0.0988330990076065,"y":0.017318546772003175,"z":0.00048561394214630127},"rotation":{"x":-0.16975551843643189,"y":-0.6579573750495911,"z":0.15579724311828614,"w":-0.7169322967529297},"size":0.6375944018363953,"orthographic":false}