{"cameraMode":{"drawMode":0,"name":"Shaded","section":"Shading Mode"},"sceneLighting":false,"audioPlay":false,"sceneViewState":{"showFog":true,"showMaterialUpdate":false,"showSkybox":false,"showFlares":true,"showImageEffects":true,"showParticleSystems":true,"showVisualEffectGraphs":true,"m_FxEnabled":true},"in2DMode":false,"pivot":{"x":7.914826483101933e-7,"y":0.02352157235145569,"z":0.10505630075931549},"rotation":{"x":-0.16975551843643189,"y":-0.6579573750495911,"z":0.15579724311828614,"w":-0.7169322967529297},"size":6.075303554534912,"orthographic":false}