{"cameraMode":{"drawMode":0,"name":"Shaded","section":"Shading Mode"},"sceneLighting":false,"audioPlay":false,"sceneViewState":{"showFog":true,"showMaterialUpdate":false,"showSkybox":false,"showFlares":true,"showImageEffects":true,"showParticleSystems":true,"showVisualEffectGraphs":true,"m_FxEnabled":true},"in2DMode":false,"pivot":{"x":0.015999987721443178,"y":0.04999999701976776,"z":-0.0040000081062316898},"rotation":{"x":-0.0013311784714460374,"y":0.9970816969871521,"z":-0.07341871410608292,"w":-0.01439389307051897},"size":0.6323015689849854,"orthographic":false}